Department,Hierarchy Level,Job Title
Human Capital Strategy,Director,Director of Talent Acquisition
Client Experience & Engagement,Professional,Account Manager
Human Capital Strategy,Director,Director of Employee Relations
Human Capital Strategy,Director,Director of Total Rewards
Human Capital Strategy,Director,Director of Talent Management
Human Capital Strategy,Executive,Chief Human Resources Officer
Corporate Services & Solutions,Support,Corporate Service Representative
Human Capital Strategy,Executive,Chief People Officer
Human Capital Strategy,Executive,"Vice President of Talent Management, Performance & Total Rewards"
Human Capital Strategy,Executive,Chief Diversity Officer
Human Capital Strategy,Professional,HR Business Partner
Human Capital Strategy,Professional,Organizational Development Consultant
Human Capital Strategy,Professional,Talent Acquisition Advisor
Human Capital Strategy,Professional,Employee Relations Specialist
Human Capital Strategy,Support,HR Specialist
Human Capital Strategy,Support,HR Coordinator
Human Capital Strategy,Support,Talent Acquisition Specialist
Human Capital Strategy,Professional,HR Generalist
Financial Strategy & Analysis,Support,Financial Analyst
Financial Strategy & Analysis,Support,FP&A Analyst
Financial Strategy & Analysis,Support,Budget Analyst
Financial Strategy & Analysis,Support,Financial Planning Assistant
Financial Strategy & Analysis,Support,Budget Officer
Financial Strategy & Analysis,Professional,Senior FP&A Analyst
Financial Strategy & Analysis,Professional,Finance Manager
Financial Strategy & Analysis,Professional,Financial Planning Manager
Financial Strategy & Analysis,Professional,Financial Consultant
Financial Strategy & Analysis,Professional,Analyst
Financial Strategy & Analysis,Professional,Financial Planning
Financial Strategy & Analysis,Director,Director of Financial Planning and Analysis
Financial Strategy & Analysis,Director,Director of FP&A
Financial Strategy & Analysis,Director,Director of Finance
Financial Strategy & Analysis,Director,Senior Director of Financial Planning
Financial Strategy & Analysis,Director,Director of Finance Operations
Financial Strategy & Analysis,Executive,Chief Financial Officer (CFO)
Financial Strategy & Analysis,Executive,Vice President of Finance/FP&A
Financial Strategy & Analysis,Executive,Chief Budgeting Officer
Financial Strategy & Analysis,Executive,Senior Vice President of Finance
Financial Strategy & Analysis,Executive,Executive Director of Finance
Communications & Brand Strategy,Support,Communications Assistant
Communications & Brand Strategy,Support,Communications Coordinator
Communications & Brand Strategy,Support,Communications Specialist
Communications & Brand Strategy,Support,Marketing Communications Associate
Communications & Brand Strategy,Support,PR Specialist
Communications & Brand Strategy,Professional,Communications Officer
Communications & Brand Strategy,Professional,Public Relations Manager
Communications & Brand Strategy,Professional,Communications Manager
Communications & Brand Strategy,Professional,Marketing Communications Manager
Communications & Brand Strategy,Professional,Corporate Communications Specialist
Communications & Brand Strategy,Director,Director of Communications
Communications & Brand Strategy,Director,Director of Marketing Communications
Communications & Brand Strategy,Director,Communications Director
Communications & Brand Strategy,Director,Corporate Affairs Director
Communications & Brand Strategy,Director,External Affairs Director
Communications & Brand Strategy,Executive,Chief Communications Officer
Communications & Brand Strategy,Executive,Chief Marketing Officer
Communications & Brand Strategy,Executive,VP of Communications
Communications & Brand Strategy,Executive,VP of Marketing
Regulatory Compliance & Risk Management,Director,Compliance Director
Service Delivery & Operations,Support,Customer Service Operations Associate
Service Delivery & Operations,Support,Customer Service Operations Specialist
Service Delivery & Operations,Support,Operations Coordinator
Service Delivery & Operations,Support,Operations Assistant
Service Delivery & Operations,Professional,Service Delivery Manager
Service Delivery & Operations,Professional,Operations Manager
Service Delivery & Operations,Professional,Senior Service Manager
Service Delivery & Operations,Professional,Operations Supervisor
Service Delivery & Operations,Professional,Operations Analyst
Regulatory Compliance & Risk Management,Executive,Chief Compliance Officer
Service Delivery & Operations,Director,Senior Director of Operations
Service Delivery & Operations,Director,Director of Service Delivery
Service Delivery & Operations,Director,Operations Director
Service Delivery & Operations,Director,Business Operations Director
Service Delivery & Operations,Executive,Vice President of Service Delivery
Service Delivery & Operations,Executive,Executive Vice President of Operations
Service Delivery & Operations,Executive,Senior Vice President of Operations
Service Delivery & Operations,Executive,Director of IT Service Delivery and Operations
Technology Solutions & Services,Support,Tech Support Engineer
Technology Solutions & Services,Support,Customer Support Associate
Technology Solutions & Services,Support,Technical Support Specialist
Technology Solutions & Services,Support,IT Support Technician
Communications & Brand Strategy,Executive,Chief Brand Officer
Technology Solutions & Services,Professional,IT Support Analyst
Technology Solutions & Services,Professional,Network Administrator
Technology Solutions & Services,Professional,System Engineer
Technology Solutions & Services,Professional,IT Consultant
Technology Solutions & Services,Professional,Software Developer
Technology Solutions & Services,Director,Director of Technology
Technology Solutions & Services,Director,IT Director
Technology Solutions & Services,Director,Director of Information Technology
Technology Solutions & Services,Director,Senior IT Director
Client Experience & Engagement,Executive,Chief Experience Officer
Technology Solutions & Services,Executive,Chief Technology Officer (CTO)
Technology Solutions & Services,Executive,Chief Information Officer (CIO)
Technology Solutions & Services,Executive,Head of Technology
Technology Solutions & Services,Executive,VP of Technology
Technology Solutions & Services,Executive,IT Executive
Service Delivery & Operations,Executive,Chief Operating Officer
Client Experience & Engagement,Support,Technical Support Agent
Corporate Services & Solutions,Support,Administrative Assistant
Client Experience & Engagement,Support,Client Service Coordinator
Client Experience & Engagement,Support,Customer Experience Associate
Client Experience & Engagement,Professional,Customer Experience Manager
Client Experience & Engagement,Professional,Client Services Manager
Client Experience & Engagement,Support,Customer Service Representative
Client Experience & Engagement,Professional,Engagement Manager
Corporate Services & Solutions,Support,Client Services Associate
Client Experience & Engagement,Director,Director of Customer Experience
Client Experience & Engagement,Director,Director of Client Services
Client Experience & Engagement,Director,Director of Implementation
Client Experience & Engagement,Director,Customer Experience Director
Client Experience & Engagement,Director,Customer Success Director
Client Experience & Engagement,Executive,Chief Customer Officer
Client Experience & Engagement,Executive,Vice President of Customer Experience
Client Experience & Engagement,Executive,Senior Vice President of Customer Service
Client Experience & Engagement,Executive,Executive Vice President of Customer Experience
Client Experience & Engagement,Support,Customer Success Associate
Regulatory Compliance & Risk Management,Support,Compliance Coordinator
Regulatory Compliance & Risk Management,Support,Compliance Analyst
Regulatory Compliance & Risk Management,Support,Regulatory Affairs Specialist
Regulatory Compliance & Risk Management,Support,Compliance Consultant
Regulatory Compliance & Risk Management,Support,Risk and Compliance Assistant
Regulatory Compliance & Risk Management,Professional,Compliance Manager
Regulatory Compliance & Risk Management,Professional,Compliance Officer
Regulatory Compliance & Risk Management,Professional,Regulatory Compliance Specialist
Regulatory Compliance & Risk Management,Professional,Risk and Compliance Manager
Regulatory Compliance & Risk Management,Director,Director of Compliance
Client Experience & Engagement,Professional,Customer Success Manager
Regulatory Compliance & Risk Management,Director,Executive Compliance Director
Service Delivery & Operations,Director,Director of Operations
Regulatory Compliance & Risk Management,Executive,Vice President of Compliance
Regulatory Compliance & Risk Management,Executive,Chief Risk Officer
Regulatory Compliance & Risk Management,Executive,Global Compliance Officer
Portfolio Management & Execution,Support,Project Administrator
Portfolio Management & Execution,Support,Project Coordinator
Portfolio Management & Execution,Support,Project Support Officer
Portfolio Management & Execution,Support,Project Management Officer
Portfolio Management & Execution,Support,Project Assistant
Portfolio Management & Execution,Professional,Junior Analyst
Portfolio Management & Execution,Professional,Senior Analyst
Portfolio Management & Execution,Professional,Portfolio Manager
Portfolio Management & Execution,Professional,Senior Portfolio Manager
Portfolio Management & Execution,Director,Director of Portfolio Management
Portfolio Management & Execution,Director,Portfolio Director
Portfolio Management & Execution,Director,Head of Project Management
Portfolio Management & Execution,Executive,Managing Director
Portfolio Management & Execution,Executive,Head of Portfolio Management
Corporate Services & Solutions,Support,Receptionist
Technology Solutions & Services,Director,Director of Innovation
Corporate Services & Solutions,Support,Administrative Secretary
Corporate Services & Solutions,Professional,Office Manager
Corporate Services & Solutions,Professional,Office Services Assistant
Regulatory Compliance & Risk Management,Professional,Compliance Specialist
Technology Solutions & Services,Support,Help Desk Technician
Corporate Services & Solutions,Professional,Office Project Manager
Corporate Services & Solutions,Executive,Chief Corporate Services Officer
Corporate Services & Solutions,Executive,Chief Executive Officer
Corporate Services & Solutions,Director,Director of Office Solutions
Corporate Services & Solutions,Director,Director of Corporate Services
Human Capital Strategy,Support,Payroll Coordinator
